contract_id,hotel_name,ingredients
3lxtdntdf4,"Herman, Considine and Senger","Cacao,Baking Powder,Sunflower Seeds,Corn Oil"
f1lzq0v9r9,Hyatt Inc,"Rockmelon,Elderberry,Kombu"
c99yqgcdaw,Lockman-Wintheiser,"Tapioca Flour,Dried Apricots,Elderberry,English Spinach"
hr1yawi9pa,"Gottlieb, Wolff and Bechtelar","Silverbeet,Butter,Lychees"
867otrpdkc,Lockman-Wintheiser,"Rye Bread,Smoked Trout,Cream Cheese"
pusjmu4df8,"Becker, Considine and Koelpin","Soymilk,Apricots,Strawberries"
twrg67u4hx,Hyatt Inc,"Tahini,Bean Sprouts,Pork,Loquats,Pecan Nut"
mwfkbkvplr,"Gottlieb, Wolff and Bechtelar","Pear Juice,Chia Seeds,Redfish,Soymilk,Bonza"
0e73e22024,"McCullough, Leannon and Nolan","Saffron,Ham,Curry Powder"
j8swzc0wlk,Kulas LLC,"Dried Apricots,Red Cabbage,Freekeh,Camomile,Wakame"
kg9l0sgjra,Heidenreich-Hagenes,"Elderberry,Smoked Trout,Bacon,Kombu,Vegetable Stock"
qo7bhxksrk,"Lubowitz, Prohaska and Reilly","Smoked Trout,Apricots,Plums,Nutritional Yeast,Sunflower Seeds"
plbxn75yc1,Hegmann Inc,"Provolone,Taleggio Cheese,Soy Sauce"
nptxl3xx5c,Dietrich Inc,"Soymilk,Plums,Achacha,Omega Spread,Silverbeet"
ia19ysypdr,"Cummings, O'Hara and Casper","Baking Powder,Cornmeal,Nutritional Yeast,Rye Bread,Tapioca Flour"
lztxsonyky,Quigley-Braun,"Butter,William Pear,Soy Beans,English Spinach"
uvsqnxb5eg,"Aufderhar, Mosciski and Smith","Mastic,Saffron,Tapioca Flour"
u4syl5jq9u,Cremin Inc,"Elderberry,Fingerlime,William Pear"
1gv9280zg7,Goldner LLC,"Nutritional Yeast,Beef,Plums,Provolone"
vxasoi7szs,Deckow-Kihn,"Feta,Saffron,Apples,Tinned"
949ny6qe4a,"Leannon, Cassin and Trantow","Extra Virgin Olive Oil,Camomile,Soymilk,Mastic,Taleggio Cheese"
t2mt9xx5bs,Brown Group,"Cream Cheese,Taleggio Cheese,Cardamom"
f30jnpu7d3,Hyatt Inc,"Pecan Nut,Salmon,White Wine"
t4j64yfx0n,Dickens-Ortiz,"Camomile,Pork,Tapioca Flour"
b6c7rbo0cm,Feil LLC,"Apricots,Vegetable Stock,Black Eyed Beans"
fybvwb1om8,Schaden LLC,"Black Eyed Beans,Cauliflower,Nuts,Tinned,Red Cabbage"
hm47m8yhic,Kulas LLC,"Wakame,Oatmeal,Beef"
edmz41y4jb,Kerluke-Armstrong,"Apples,Parsnip,Provolone,Plums"
j9fwh1d6xs,Blanda and Sons,"Green Tea Noodles,Camomile,Iceberg Lettuce,Corn Oil"
a8n9uf95rf,"Lubowitz, Prohaska and Reilly","Nuts,Rice Flour,Tarragon,Apricots,Green Tea Noodles"
mideg8aljj,Nienow LLC,"English Spinach,Black Eyed Beans,Tarragon,Rye Bread,Butter"
14dioz7s8w,"Medhurst, Streich and Schamberger","Tinned,Cinnamon,Flat Mushrooms"
4alui20s2t,Kulas LLC,"Tarragon,Iceberg Lettuce,Plums,Apples,Vegetable Stock"
x1xqzb98i8,Botsford Inc,"Freekeh,English Spinach,Green Tea Noodles"
o5boa0u78k,Leffler-Huel,"Rye Bread,Apples,Taleggio Cheese"
5fyc0g97ie,"Becker, Considine and Koelpin","Camomile,Kidneys,Tapioca Flour,Apricots,William Pear"
m1pkb3x9i5,Goldner LLC,"Cottage Cheese,Bonza,Chia Seeds,Camomile"
ya8dlzpz5o,Cremin Inc,"Spinach,Camomile,Red Cabbage"
utehs0wqkq,Murray LLC,"Rye Bread,Lychees,Peas"
tox3wthbb0,Dietrich Inc,"Pecan Nut,Soy Sauce,Chia Seeds,Ham"
yzp5ts8n0y,Goldner LLC,"Loquats,Pear Juice,Spinach,Green Tea Noodles,Soy Sauce"
2g6mu7871g,Schmeler-Renner,"Vegetable Stock,Cottage Cheese,Cornmeal,Curry Powder,Saffron"
digklq4ioe,Bruen-Jaskolski,"Tapioca Flour,Oatmeal,Chia Seeds"
jboirqdxbx,Breitenberg Group,"Camomile,Tinned,Loquats,Chives"
dz6kwual6s,Nienow LLC,"Canola Oil,Rye Bread,Bean Sprouts,Feta"
su500tc5br,"Kutch, Ryan and Boyer","Nuts,Iceberg Lettuce,Coriander Leaves"
8qyicfmocp,"Sipes, Schamberger and Stokes","Freekeh,Soymilk,Coriander Leaves,Curry Powder,Fingerlime"
ttfffuotyt,Nienow LLC,"Oatmeal,Omega Spread,Elderberry,Smoked Trout"
kffzthd803,Feil LLC,"Tahini,Dried Apricots,Pecan Nut"
0d5aypetcr,Hegmann Inc,"Chia Seeds,Salmon,Cacao"
a4h8xl276e,"Schinner, Sauer and Powlowski","Rice Flour,Extra Virgin Olive Oil,Oatmeal"
1h59qazb7s,"Aufderhar, Mosciski and Smith","Beef,Mastic,Salmon,Bean Sprouts"
p3ypxwfpx5,Kerluke-Armstrong,"Silverbeet,Cornmeal,Wakame,Black Eyed Beans,Sunflower Oil"
1z5v8ar0ru,Murray LLC,"English Spinach,Soymilk,Soy Beans,Tapioca Flour,Omega Spread"
50iizuqylo,"Cummings, O'Hara and Casper","Red Cabbage,Tapioca Flour,Cottage Cheese,Turnips"
6ijulgrysc,Pollich Inc,"Coriander Leaves,Black Eyed Beans,Oatmeal,Fingerlime"
dxs9l50tht,Rempel and Sons,"Rice Noodles,Apple Cider Vinegar,Omega Spread,Parsnip,White Wine"
husguzjfn7,"Leannon, Cassin and Trantow","Provolone,Omega Spread,Freekeh,Tinned,Apples"
n7jzygq2qs,"Medhurst, Streich and Schamberger","Butter,Tinned,Freekeh"
sz7t2ot812,"Lubowitz, Prohaska and Reilly","Fingerlime,Omega Spread,Pecan Nut,Vegetable Stock,Turnips"
qn572quux6,Bruen-Jaskolski,"Flat Mushrooms,Flaxseed Oil,Cream Cheese,Fingerlime,Green Tea Noodles"
9llf1cmyad,"Kutch, Ryan and Boyer","Berries,Cinnamon,Bacon,Pear Juice,Oatmeal"
4gxn04cdae,Blanda and Sons,"Parsnip,English Spinach,Soymilk,Apples"
y5yecz08f9,"Aufderhar, Mosciski and Smith","Coriander Leaves,Tahini,Elderberry,Cacao"
m8mgt1yljk,Sporer Group,"Tamarillo,Apricots,Oatmeal,Bean Sprouts,Feta"
egrdcb7txi,Blanda and Sons,"Corn Oil,Rice Noodles,Ham,Feta"
70xtl6yw5v,Bosco-Bayer,"Butter,Chives,Extra Virgin Olive Oil,Spinach,Tarragon"
3xdjnbofm7,Breitenberg Group,"Kidneys,Dried Apricots,Chia Seeds,Freekeh,Nuts"
ofm5hjnfh2,"Becker, Considine and Koelpin","Cacao,Hokkien Noodles,Canola Oil,Rice Noodles"
i19winc7t6,Schaden LLC,"Rose Water,Elderberry,Pork,Vegetable Stock"
h8fhcntepy,Dickens-Ortiz,"Chives,Loquats,Elderberry,Strawberries,Wakame"
b6o8rfgz3m,Brown Group,"Warehou,Cardamom,Spinach,Soy Beans,Fingerlime"
c6m7ps9vu7,"Becker, Considine and Koelpin","Extra Virgin Olive Oil,Bean Sprouts,Red Cabbage,Berries"
vvuzwx1tlu,Wolff-Cartwright,"Kidneys,William Pear,Chia Seeds,Green Tea Noodles"
lilppq55p2,Heidenreich-Hagenes,"Spinach,Fingerlime,Dried Apricots,Saffron,Taleggio Cheese"
diiwrtdi8t,Deckow-Kihn,"Green Tea Noodles,Jasmine Rice,Strawberries"
oy57i0ds4k,Bruen-Jaskolski,"Sunflower Oil,Taleggio Cheese,Curry Powder"
6j91xt1w67,"Becker, Considine and Koelpin","English Spinach,Taleggio Cheese,Smoked Trout,Tamarillo,Plums"
ztoowp7smi,Skiles Group,"Dried Apricots,Elderberry,Freekeh,Soy Sauce,Nutritional Yeast"
kb3w9jqt71,Reilly-Ebert,"Fingerlime,Chia Seeds,Rice Noodles,Redfish"
doqqb26bbv,Hegmann Inc,"Rice Noodles,Berries,Rockmelon,Cornmeal"
uvks3bh2vt,Blanda and Sons,"Nutritional Yeast,Rockmelon,Jasmine Rice"
ie3fgqilww,Goldner LLC,"Cauliflower,Rice Noodles,Turnips,Sunflower Seeds"
t4clfoxw8u,Rempel and Sons,"Bean Sprouts,Salmon,Iceberg Lettuce"
idgohfwnzd,Brown Group,"Rye Bread,Elderberry,Rose Water"
ysf00pdb26,Kerluke-Armstrong,"Canola Oil,Tahini,Butter,Provolone"
dno1tb9det,Skiles Group,"Cornmeal,Fingerlime,Flat Mushrooms,Chives"
dquq5hpq1v,"Medhurst, Streich and Schamberger","Silverbeet,Turnips,Pecan Nut"
lgfiwxjrcl,"Aufderhar, Mosciski and Smith","Baking Powder,Redfish,Salmon,Ham"
uordy68ekc,"Johnson, Watsica and Koch","Hokkien Noodles,Canola Oil,Apricots,Redfish,Pork"
dme79ytty4,Leffler-Huel,"Bacon,Tahini,Soymilk,Kidneys"
qwuus7f7nd,Quigley-Braun,"Warehou,Beef,Freekeh,Berries"
7wkxh9bi8f,Kunze Inc,"Camomile,Baking Powder,Feta,Bean Sprouts"
xw0lpdryg5,Dietrich Inc,"Rice Flour,Loquats,Baking Powder,Bacon,Tamarillo"
7ynxth4blm,Skiles Group,"Saffron,Rye Bread,Kidneys,Flaxseed Oil"
88qsh2cou4,Heidenreich-Hagenes,"Cacao,Plums,Cornmeal,Tahini"
2i5x9bsnlh,Skiles Group,"Saffron,Soymilk,Lychees"
njo0enx8fc,"Kutch, Ryan and Boyer","Extra Virgin Olive Oil,Nuts,Tamarillo"
owjb1jmvjf,"Leannon, Cassin and Trantow","Silverbeet,Butter,Omega Spread"
eawj6dtytj,Wolff-Cartwright,"Shark,Cauliflower,Rice Noodles,Lychees,Vegetable Stock"
0jk8r9dghc,Blanda and Sons,"Smoked Trout,Jasmine Rice,Iceberg Lettuce,Parsnip,Kidneys"
w8oga60zks,Berge-Parker,"Bonza,Rice Flour,Salmon"
x8ul3zh6zu,Breitenberg Group,"Nutritional Yeast,Kidneys,Shark,Ham"
4d6j9b000o,Leffler-Huel,"Tahini,Camomile,Rockmelon,Provolone"
npyb3gdjr5,Skiles Group,"Pecan Nut,Rye Bread,Apricots,Mahlab,Corn Oil"
rehtlg0w94,Bosco-Bayer,"Butter,Rockmelon,Tinned,Extra Virgin Olive Oil,Tapioca Flour"
8ojnifv6sz,"Kutch, Ryan and Boyer","Soymilk,Apples,Pecan Nut,Jasmine Rice"
tq7r3ujytx,Dare LLC,"Nuts,Tinned,Turnips,Corn Oil"
b6bhk0ieiq,Wolff-Cartwright,"Tamarillo,Black Eyed Beans,Parsnip,Vegetable Oil"
wbenur103v,"McCullough, Leannon and Nolan","Apricots,Butter,Tarragon,Mahlab"
7lbth195dj,Bruen-Jaskolski,"Elderberry,Canola Oil,Sunflower Oil"
j18e542r0v,"Herman, Considine and Senger","Iceberg Lettuce,Baking Powder,Soy Beans"
dml5oqzcwf,"Leannon, Cassin and Trantow","Tapioca Flour,Provolone,Coriander Leaves,Omega Spread"
w4yrfwwauj,Botsford Inc,"Fingerlime,Pork,Apples"
vpydo0uxev,Pollich Inc,"Pork,Apple Cider Vinegar,Vegetable Stock"
akzgf2v2js,Leffler-Huel,"Rockmelon,Tinned,Plums"
2ykru4fb49,Dickens-Ortiz,"Berries,Lychees,Redfish,Provolone"
2kq72ryb7j,Hyatt Inc,"Flaxseed Oil,Strawberries,Freekeh,Kombu,Cinnamon"
emrtjlkk8r,Kerluke-Armstrong,"Tarragon,Fingerlime,Peas,Baking Powder,Achacha"
scm3dzt8kn,Rempel and Sons,"Bonza,Butter,Redfish,Red Cabbage"
80ajgisuem,Cremin Inc,"Cinnamon,Rockmelon,Achacha"
2wgg3xwpmv,Murray LLC,"Rice Flour,Tarragon,Apricots,Soy Sauce,Loquats"
xefo58l5pv,Reilly-Ebert,"Fingerlime,Loquats,Taleggio Cheese"
8o2mqiowtf,Kulas LLC,"Achacha,Iceberg Lettuce,Nutritional Yeast,Apples"
4y7drtpx2j,Schaden LLC,"Redfish,Turnips,Cardamom"
3mty6o5kz1,"Lindgren, Willms and MacGyver","Cream Cheese,Rye Bread,Vegetable Oil,Oatmeal,Corn Oil"
c77gevn0qv,Goldner LLC,"Vegetable Stock,Lychees,Freekeh"
iabswiq5rg,Dare LLC,"Rye Bread,Warehou,Coriander Leaves"
j5du20ysba,Berge-Parker,"Rye Bread,Shark,Beef,Cinnamon"
wnoti662xg,Bosco-Bayer,"Soy Beans,Berries,Soymilk,Rice Noodles,Redfish"
fgtyrpn89p,"Sipes, Schamberger and Stokes","Parsnip,Shark,Rose Water,Butter,Pear Juice"
qcf76y43qa,Berge-Parker,"Cacao,Loquats,Corn Oil,Cardamom"
9dwjtf8cv6,Wolff-Cartwright,"Apricots,Dried Apricots,Sunflower Oil"
ef36snstpt,"Gottlieb, Wolff and Bechtelar","Red Cabbage,Flaxseed Oil,Cacao,Canola Oil"
qpknxiso7q,Kerluke-Armstrong,"Chives,English Spinach,Tinned"
01m8ntqfof,"Aufderhar, Mosciski and Smith","Provolone,Cauliflower,Curry Powder,Tarragon,Berries"
6o7dh63g1i,Lockman-Wintheiser,"Cornmeal,Dried Apricots,Tapioca Flour,Omega Spread,Berries"
swfmss4pjy,Koelpin-Feeney,"Nutritional Yeast,Taleggio Cheese,Nuts,Black Eyed Beans"
47h1dolwpc,"Gottlieb, Wolff and Bechtelar","Soy Sauce,Omega Spread,Cornmeal,Apple Cider Vinegar"
bkfxoc0aqv,Hyatt Inc,"Extra Virgin Olive Oil,Berries,Pork,Provolone"
desfh70oo9,"Becker, Considine and Koelpin","Apricots,Beef,Omega Spread"
hz5oe5l557,Blanda and Sons,"Chia Seeds,Turnips,Pecan Nut,Cornmeal,Pork"
kk3kue7zsv,Hyatt Inc,"Butter,Vegetable Oil,Plums,Nuts"
1zmyyi4aya,Murray LLC,"Chia Seeds,Cacao,Shark,Nutritional Yeast,Rye Bread"
v62jblz0fh,"Becker, Considine and Koelpin","Omega Spread,Loquats,Green Tea Noodles"
2hrqlph08w,Rempel and Sons,"Salmon,Cinnamon,Tinned,Elderberry"
isvaenxlhd,Pollich Inc,"Sunflower Seeds,White Wine,Soymilk"
m7e9j6y1wo,"Schinner, Sauer and Powlowski","Vegetable Stock,Dried Apricots,Soy Beans,Feta"
2ktveopf86,Lockman-Wintheiser,"Turnips,Wakame,Butter,Hokkien Noodles,Cardamom"
cv4a7n6doe,Goldner LLC,"Cream Cheese,Rose Water,Achacha,William Pear,Oatmeal"
xq0ezohmyp,Dare LLC,"Silverbeet,Elderberry,Jasmine Rice"
qqu842f3vq,Koelpin-Feeney,"Rockmelon,Cacao,Spinach,Soy Beans"
6e8ccog63x,Kulas LLC,"English Spinach,Smoked Trout,Flaxseed Oil,Omega Spread,Turnips"
g329px9qvn,Lockman-Wintheiser,"Achacha,Flaxseed Oil,Coriander Leaves,Chives,William Pear"
w1on8ybnmx,Sporer Group,"Tarragon,Rice Noodles,Parsnip"
it9pntcgn4,"Kutch, Ryan and Boyer","Nutritional Yeast,Freekeh,Red Cabbage,Oatmeal"
pw7gg2rzn6,Skiles Group,"Iceberg Lettuce,Achacha,Berries,Freekeh,Cream Cheese"
8rxws3vzu0,Kerluke-Armstrong,"Oatmeal,Vegetable Oil,Pecan Nut,Tahini,Green Tea Noodles"
uwv74n6bd8,Kerluke-Armstrong,"Green Tea Noodles,Canola Oil,Pear Juice,Warehou"
qfl8ot0gsn,Schmeler-Renner,"Sunflower Oil,Chia Seeds,Green Tea Noodles,Rockmelon,Apple Cider Vinegar"
t68lcltdxd,Lockman-Wintheiser,"Green Tea Noodles,Elderberry,Jasmine Rice,Tapioca Flour,Camomile"
hkrtckdyiq,Lockman-Wintheiser,"Cardamom,Black Eyed Beans,Pork"
d1emcvioke,Bosco-Bayer,"Tinned,Freekeh,Cream Cheese,Omega Spread"
043j4ic1ul,Dickens-Ortiz,"Apple Cider Vinegar,Plums,English Spinach,Chives,White Wine"
qbkyb96nwj,Schmitt-Reichert,"Bean Sprouts,Cacao,Nutritional Yeast,Canola Oil,Warehou"
uawwnar9n7,"Herman, Considine and Senger","Extra Virgin Olive Oil,Saffron,Bacon,Butter,Wakame"
7lz9c7jtsi,Heidenreich-Hagenes,"Elderberry,Turnips,Vegetable Oil"
stikhdzpat,"Herman, Considine and Senger","Pork,Coriander Leaves,Green Tea Noodles,Cacao,Cauliflower"
j8rzoeuyw4,"Becker, Considine and Koelpin","Salmon,Peas,Wakame"
loskmfk2xo,Goldner LLC,"Bonza,Peas,Flaxseed Oil"
wq9udmyohx,Dare LLC,"Berries,Turnips,Smoked Trout,Parsnip,Apples"
htdiq9ir0r,"Schinner, Sauer and Powlowski","Tarragon,Silverbeet,Bonza,Cacao,Canola Oil"
4ssg0heqch,Kerluke-Armstrong,"Kombu,Pear Juice,Achacha,Dried Apricots,Fingerlime"
9obxlnpdi3,Braun-Wunsch,"Nuts,Pecan Nut,Soy Sauce,Pear Juice"
4ihyp5ejis,"Johnson, Watsica and Koch","Tarragon,Chives,Parsnip,Dried Apricots,Kombu"
hmsnvjswul,Leffler-Huel,"Redfish,Rose Water,Cauliflower"
hrjc0i111s,Dare LLC,"Kombu,Tapioca Flour,Extra Virgin Olive Oil,Bacon"
7ypwx8hwgd,"Sipes, Schamberger and Stokes","Vegetable Oil,Bonza,Pork"
69dwdwfz7k,Murray LLC,"Plums,Iceberg Lettuce,Extra Virgin Olive Oil,Vegetable Stock"
a5fiwx4z41,"Lubowitz, Prohaska and Reilly","English Spinach,Cardamom,Pork"
16a1acrycy,Hyatt Inc,"Taleggio Cheese,Butter,Silverbeet,Camomile,William Pear"
tiwitbjc81,"Sipes, Schamberger and Stokes","Bacon,Shark,Cinnamon"
bn4sfkbs7z,Kunze Inc,"English Spinach,Chia Seeds,Mahlab,Feta,Spinach"
2dqct6kz8h,"Sipes, Schamberger and Stokes","Saffron,Rockmelon,Bonza"
g05cgwl53x,Cremin Inc,"Vegetable Stock,Feta,Rice Noodles"
ssk17byk71,Heidenreich-Hagenes,"Tahini,Cottage Cheese,Peas,Salmon,William Pear"
j1ypr6ta11,Rempel and Sons,"Salmon,Provolone,White Wine"
7j0kqzdtjm,Pollich Inc,"Iceberg Lettuce,Vegetable Oil,Saffron,Peas"
9eh2be2wr4,Braun-Wunsch,"Vegetable Oil,Silverbeet,Mahlab,Oatmeal,Pork"
5ttci0zs0w,Botsford Inc,"Wakame,William Pear,Curry Powder,Nuts"
vg8l1mberd,"Leannon, Cassin and Trantow","Chives,Fingerlime,Soy Beans"
w64zgemxlb,Botsford Inc,"Tapioca Flour,Salmon,Achacha"
y19hz9aren,Berge-Parker,"White Wine,Chia Seeds,Saffron"
9p8hcfj4bo,Schaden LLC,"Sunflower Oil,Achacha,Iceberg Lettuce,Curry Powder"
u2tmsyr4y1,Braun-Wunsch,"Nutritional Yeast,Warehou,Black Eyed Beans"
bac8x72up3,Berge-Parker,"Apples,Oatmeal,Red Cabbage,Black Eyed Beans"
evf7fd7jkc,Rempel and Sons,"Camomile,Strawberries,Ham"
k2zf85gdqh,Koelpin-Feeney,"Hokkien Noodles,Nuts,Elderberry"
samf9yxx13,"Herman, Considine and Senger","Bacon,Curry Powder,Loquats,Dried Apricots"
398ad8ztb6,Brown Group,"Ham,Apples,Feta,Curry Powder,Rye Bread"
n6lov3gilt,Kulas LLC,"Red Cabbage,Bean Sprouts,Cornmeal,Plums,Flaxseed Oil"
xye2wiv8xy,Kunze Inc,"Saffron,Spinach,Apple Cider Vinegar,Vegetable Stock,Nuts"
qodx2h9m4m,"Leannon, Cassin and Trantow","Pear Juice,Spinach,Achacha"
ck3s7abo8w,Bosco-Bayer,"Hokkien Noodles,Ham,English Spinach,Parsnip"
w9gtojigsb,Blanda and Sons,"Fingerlime,Cauliflower,Achacha,Plums,William Pear"
dma5dv416q,Hyatt Inc,"Saffron,Tapioca Flour,Pear Juice,Cardamom,Cinnamon"
0qjdou94qs,Kunze Inc,"Flaxseed Oil,Mahlab,Lychees,Strawberries,Cardamom"
rozvvjuyis,Leffler-Huel,"Cottage Cheese,Saffron,Elderberry,Achacha"
bbcsb4e2th,"Schinner, Sauer and Powlowski","Mahlab,Tahini,Strawberries,Oatmeal,Tamarillo"
qiyj8x6ko4,Kerluke-Armstrong,"Jasmine Rice,Bonza,Saffron,Salmon,Peas"
0jjqyk2opd,Botsford Inc,"Jasmine Rice,Vegetable Oil,Nutritional Yeast"
pmwp6u63id,Kerluke-Armstrong,"Freekeh,Cauliflower,Nuts"
bbdwfme7jy,Kerluke-Armstrong,"English Spinach,Berries,Sunflower Oil,Dried Apricots"
kbno2hd2rn,"Sipes, Schamberger and Stokes","Fingerlime,Jasmine Rice,Iceberg Lettuce,Corn Oil,Rose Water"
uihuyh0z9c,"Aufderhar, Mosciski and Smith","Flaxseed Oil,Jasmine Rice,Tamarillo,Turnips,Canola Oil"
10233u3skd,Pollich Inc,"Chives,Salmon,Pear Juice,Red Cabbage,Spinach"
egxiu2uoh8,Leffler-Huel,"Bonza,Cottage Cheese,English Spinach"
2b4r7bq6je,Kerluke-Armstrong,"Rice Flour,Silverbeet,Rye Bread,Corn Oil,Ham"
6xut2wpfcn,Schmeler-Renner,"Curry Powder,Sunflower Oil,White Wine"
ojq13dqko2,Hegmann Inc,"Soy Beans,Plums,Tahini,Tamarillo,Rice Noodles"
r43xs79wfj,Reilly-Ebert,"Bonza,Vegetable Oil,Saffron"
3bisa4c7vn,Skiles Group,"Bacon,Provolone,Canola Oil,Cottage Cheese,Beef"
22x4mchhk3,Schmeler-Renner,"Bean Sprouts,Redfish,Shark,Apples,Soymilk"
98oz2ey9og,"Leannon, Cassin and Trantow","Bean Sprouts,Baking Powder,William Pear,Bonza"
wde5e1p1dz,Kunze Inc,"Kombu,Apples,Fingerlime"
ogw36oqx0o,Breitenberg Group,"Jasmine Rice,Taleggio Cheese,Baking Powder,Apple Cider Vinegar,Bean Sprouts"
kmromppvo8,Botsford Inc,"Mahlab,Saffron,Pecan Nut,Bonza,Rice Flour"
xn5wy8oyv0,Schmeler-Renner,"Soy Sauce,Turnips,Chives"
a6epf69yhf,Bruen-Jaskolski,"Tamarillo,Plums,Soymilk"
0cdpnia8s2,Lockman-Wintheiser,"Tapioca Flour,Soymilk,Plums"
ongt564kdm,Blanda and Sons,"Peas,Salmon,Ham,Chives"
3zde09qd0x,Leffler-Huel,"Apples,Chia Seeds,Butter,Tahini"
54zz6dnivt,Braun-Wunsch,"Strawberries,Nutritional Yeast,Smoked Trout,Tinned,Lychees"
638e11zxz3,"McCullough, Leannon and Nolan","Mahlab,Plums,Black Eyed Beans,Sunflower Oil"
68xysnbb28,Rempel and Sons,"Cardamom,Vegetable Oil,Jasmine Rice"
jma86wzgwb,Feil LLC,"Plums,Achacha,Tapioca Flour,Tamarillo"
03qlk1br32,Lockman-Wintheiser,"Vegetable Oil,Pear Juice,Spinach"
mgdlsr868l,Cremin Inc,"Rye Bread,Soymilk,Green Tea Noodles,Corn Oil"
ae3l7axhu6,Quigley-Braun,"Green Tea Noodles,Loquats,Corn Oil,Cornmeal"
bxs6kqa3iv,"Schinner, Sauer and Powlowski","Loquats,Fingerlime,Iceberg Lettuce"
micybp5ixs,Brown Group,"Canola Oil,Sunflower Oil,Rice Noodles"
xouyxll7gx,Feil LLC,"Fingerlime,Kombu,Tarragon,Apple Cider Vinegar,Black Eyed Beans"
y6nyzsx6ef,Deckow-Kihn,"Sunflower Oil,Omega Spread,Plums,Baking Powder"
a0epcgb8nc,Pollich Inc,"Sunflower Seeds,Beef,Provolone"
yclj3y0mfd,Schaden LLC,"Turnips,Mastic,Sunflower Seeds,Plums,Iceberg Lettuce"
36v86zdjnz,Lockman-Wintheiser,"Soymilk,Freekeh,Chia Seeds,Iceberg Lettuce,Tarragon"
rc9cnajwet,Kerluke-Armstrong,"Coriander Leaves,Provolone,Cardamom,Camomile,Tinned"
6ysvpp0fhv,"McCullough, Leannon and Nolan","Flat Mushrooms,Extra Virgin Olive Oil,Rice Noodles,Corn Oil"
gqbarr6jp9,Berge-Parker,"Plums,Shark,Achacha,Elderberry"
vgsxe1rzi5,"Schinner, Sauer and Powlowski","Green Tea Noodles,Apple Cider Vinegar,Tapioca Flour,Hokkien Noodles,Tahini"
ahx1rwqjai,"Kutch, Ryan and Boyer","Turnips,Mastic,Salmon"
kcimnv3snl,"Aufderhar, Mosciski and Smith","Omega Spread,Rice Noodles,Soymilk,Silverbeet"
mj65jcq6f3,Koelpin-Feeney,"Taleggio Cheese,Cauliflower,Dried Apricots"
z41854d4o2,Deckow-Kihn,"Red Cabbage,Beef,Peas,Cacao,Corn Oil"
xbj7gvbih4,"Sipes, Schamberger and Stokes","Mastic,Bonza,Spinach"
qbg7r4fpet,Wolff-Cartwright,"Strawberries,Butter,Black Eyed Beans,Chia Seeds,Saffron"
l7t1v339d2,"Kutch, Ryan and Boyer","Curry Powder,Nuts,Rockmelon,Wakame,Plums"
7wmnqf6yvs,Leffler-Huel,"Hokkien Noodles,Taleggio Cheese,Redfish,Beef,Black Eyed Beans"
8r9fodtyqc,Rempel and Sons,"Redfish,Tapioca Flour,Kombu,Ham"
2li46gdc8k,"Gottlieb, Wolff and Bechtelar","Chives,Mahlab,Tarragon,Plums,Soy Beans"
i2nyjyf2k5,Leffler-Huel,"Chives,Silverbeet,Pork"
wxaolplaxv,"Cummings, O'Hara and Casper","Achacha,Tahini,Pecan Nut"
mdscwjl64v,Heidenreich-Hagenes,"Smoked Trout,Bacon,Salmon,Achacha,Rice Noodles"
6i7q3wf14k,"Sipes, Schamberger and Stokes","Baking Powder,Wakame,Fingerlime,Pecan Nut"
8x50r84ju8,Quigley-Braun,"Sunflower Seeds,Strawberries,Chives"
asrazpvpzs,Blanda and Sons,"Extra Virgin Olive Oil,Cacao,Achacha,Bean Sprouts"
phdj1579pk,"Herman, Considine and Senger","Peas,Nuts,Tahini,Butter,Rose Water"
65w6jhjxhb,Murray LLC,"Oatmeal,Cornmeal,Butter"
j3vlkjsbyc,Bosco-Bayer,"Nuts,Chives,Achacha,Cardamom"
9y8kxqosrr,Braun-Wunsch,"Berries,Warehou,Kidneys,Bean Sprouts,Cottage Cheese"
jk1xi1st3m,Pollich Inc,"Spinach,Rice Noodles,Jasmine Rice,Red Cabbage,Cinnamon"
qmy4i3228e,Deckow-Kihn,"Iceberg Lettuce,Parsnip,Freekeh"
3gcz4sfnnk,"Medhurst, Streich and Schamberger","Pecan Nut,Mastic,Cream Cheese,Cacao"
1qvou6y0cg,Deckow-Kihn,"Apricots,Tamarillo,Camomile,Bonza,Red Cabbage"
we95kj5swl,Brown Group,"Wakame,Apple Cider Vinegar,Cauliflower"
1mjeoeppmk,Deckow-Kihn,"Apple Cider Vinegar,Tapioca Flour,Tahini,William Pear,Omega Spread"
jof4jdfjvd,Berge-Parker,"Camomile,Red Cabbage,Lychees,Soy Beans,Cacao"
mo2bl3lexr,Kunze Inc,"Tamarillo,Apple Cider Vinegar,Cacao,Tinned,Tarragon"
lmnaelszsb,"Becker, Considine and Koelpin","Nuts,Bacon,Smoked Trout,Extra Virgin Olive Oil,Omega Spread"
nql8rwpfmw,"McCullough, Leannon and Nolan","Achacha,Redfish,Rice Noodles"
r4vjvbkhy1,Leffler-Huel,"Rockmelon,Pork,Soymilk,Sunflower Seeds"
yx6drae7uj,Botsford Inc,"Strawberries,Chives,Smoked Trout,Elderberry,Provolone"
33eimysp3y,Blanda and Sons,"Rose Water,Rice Noodles,Sunflower Oil,Peas"
tk2xxgcjgm,Feil LLC,"Rye Bread,Tamarillo,Black Eyed Beans"
9tkcnzulyr,Hegmann Inc,"Turnips,Sunflower Oil,Bacon,Green Tea Noodles,Cornmeal"
74hv7cfjix,"Kutch, Ryan and Boyer","White Wine,Mastic,Rice Noodles"
ue4imkhcpc,Feil LLC,"Feta,Sunflower Seeds,Tinned,Vegetable Stock,Mahlab"
ib3a9qac6n,Bosco-Bayer,"Flaxseed Oil,Extra Virgin Olive Oil,Corn Oil"
2junjlv0dq,Rempel and Sons,"Mastic,Strawberries,Parsnip,Coriander Leaves,Chives"
gia4vx1jl7,Heidenreich-Hagenes,"Warehou,Rice Flour,Rice Noodles,Saffron"
rrunusnfwh,Breitenberg Group,"Flaxseed Oil,Soy Sauce,Elderberry,Butter"
iferohlqsj,Deckow-Kihn,"Soymilk,Turnips,Spinach,Coriander Leaves,Cardamom"
ba8m6ij8e2,"Leannon, Cassin and Trantow","Rose Water,Redfish,Red Cabbage"
yziteji85y,Berge-Parker,"Soy Beans,Pecan Nut,Cream Cheese"
g6inm5f54g,Wolff-Cartwright,"Sunflower Seeds,Rice Noodles,Corn Oil,White Wine,Dried Apricots"
1l8818xsb8,"Lindgren, Willms and MacGyver","Flaxseed Oil,Mastic,Vegetable Stock"
ice2t954vt,Schaden LLC,"Tarragon,English Spinach,Corn Oil,Bean Sprouts"
iut6t4r90p,"Medhurst, Streich and Schamberger","Beef,Green Tea Noodles,Tinned"
0qqtz6rpcl,"Gottlieb, Wolff and Bechtelar","Salmon,Baking Powder,Sunflower Seeds,Silverbeet"
yotihieb6w,"Lubowitz, Prohaska and Reilly","Smoked Trout,Apricots,Butter,English Spinach,Soymilk"
